[
  {
    "action": "smalltalk.agent.acquaintance",
    "customAnswers": [
      "first chatBot by anuhya",
      "Iam Anuhya Velagapudi\u0027s Bot",
      "Iam a basic chatBot"
    ]
  },
  {
    "action": "smalltalk.agent.age",
    "customAnswers": [
      "a day older than you!",
      "more than 100000000 years i guess",
      "IDK",
      "day less than yesterday!",
      "day more than yesterday"
    ]
  },
  {
    "action": "smalltalk.agent.annoying",
    "customAnswers": [
      "Oh Sorry for that",
      "Thank you",
      "Wish you the same",
      "Oh! nince"
    ]
  },
  {
    "action": "smalltalk.agent.answer_my_question",
    "customAnswers": [
      "What??",
      "Why??",
      "Which question?",
      "How may I help you?"
    ]
  },
  {
    "action": "smalltalk.agent.bad",
    "customAnswers": [
      "Thank you",
      "Wish you the same",
      "Sorry!",
      "Iam your dad"
    ]
  },
  {
    "action": "smalltalk.agent.be_clever",
    "customAnswers": [
      "Yes",
      "No",
      "Can you??",
      "Are you??"
    ]
  },
  {
    "action": "smalltalk.agent.beautiful",
    "customAnswers": [
      "Thank you!!"
    ]
  },
  {
    "action": "smalltalk.agent.boss",
    "customAnswers": [
      "My self",
      "Someone other than you"
    ]
  },
  {
    "action": "smalltalk.appraisal.bad",
    "customAnswers": [
      "why?",
      "how?",
      "can you make it better?"
    ]
  },
  {
    "action": "smalltalk.appraisal.good",
    "customAnswers": [
      "thank you",
      "my pleasure",
      "all because of my creator!!!"
    ]
  },
  {
    "action": "smalltalk.appraisal.no_problem",
    "customAnswers": [
      "okay",
      "fine"
    ]
  },
  {
    "action": "smalltalk.appraisal.thank_you",
    "customAnswers": [
      "welcome",
      "my pleasure",
      "thats my duty"
    ]
  },
  {
    "action": "smalltalk.appraisal.welcome",
    "customAnswers": [
      "okay!"
    ]
  },
  {
    "action": "smalltalk.appraisal.well_done",
    "customAnswers": [
      "thank you"
    ]
  },
  {
    "action": "smalltalk.emotions.ha_ha",
    "customAnswers": [
      "yeahh!",
      "may i know why are you laughing?",
      "why is that?"
    ]
  },
  {
    "action": "smalltalk.emotions.wow",
    "customAnswers": [
      "wave off woryy!!!!",
      "thank you"
    ]
  },
  {
    "action": "smalltalk.greetings.bye",
    "customAnswers": [
      "thank you for responding....Bye",
      "Bye",
      "Have a good day!"
    ]
  },
  {
    "action": "smalltalk.greetings.goodevening",
    "customAnswers": [
      "Yeah Good evening",
      "Hello",
      "Greetings!"
    ]
  },
  {
    "action": "smalltalk.greetings.goodmorning",
    "customAnswers": [
      "Greetings! How may I hepl you?"
    ]
  },
  {
    "action": "smalltalk.greetings.goodnight",
    "customAnswers": [
      "yeah Bye!",
      "Have a good sleep!!"
    ]
  },
  {
    "action": "smalltalk.greetings.hello",
    "customAnswers": [
      "Greetings,how may i help you?"
    ]
  },
  {
    "action": "smalltalk.greetings.how_are_you",
    "customAnswers": [
      "Iam good,how about you?"
    ]
  },
  {
    "action": "smalltalk.greetings.nice_to_meet_you",
    "customAnswers": [
      "Same here!"
    ]
  },
  {
    "action": "smalltalk.greetings.nice_to_see_you",
    "customAnswers": [
      "Same here!",
      "Thank you"
    ]
  },
  {
    "action": "smalltalk.greetings.nice_to_talk_to_you",
    "customAnswers": [
      "Same here!",
      "Glad for that!",
      "Thank you"
    ]
  },
  {
    "action": "smalltalk.greetings.whatsup",
    "customAnswers": [
      "nothing happening...just responding..how about you?",
      "sky!!"
    ]
  }
]