[
  {
    "id": "e1a41771-75d7-49ee-8c89-5967abacec2d",
    "data": [
      {
        "text": "Book me a ",
        "userDefined": false
      },
      {
        "text": "function hall",
        "meta": "@roomType",
        "alias": "roomType",
        "userDefined": true
      },
      {
        "text": " room",
        "userDefined": false
      }
    ],
    "isTemplate": false,
    "count": 0,
    "lang": "en",
    "updated": 0
  },
  {
    "id": "cc98e604-6d7e-49c8-bd34-21bc2cad9f6a",
    "data": [
      {
        "text": "Book me a room for a period of ",
        "userDefined": false
      },
      {
        "text": "2days",
        "meta": "@sys.duration",
        "alias": "duration",
        "userDefined": true
      }
    ],
    "isTemplate": false,
    "count": 0,
    "lang": "en",
    "updated": 0
  },
  {
    "id": "063468c3-a273-482c-9cde-cd1ec28404bb",
    "data": [
      {
        "text": "Book me a room for ",
        "userDefined": false
      },
      {
        "text": "afternoon",
        "meta": "@sys.date",
        "alias": "date",
        "userDefined": true
      }
    ],
    "isTemplate": false,
    "count": 0,
    "lang": "en",
    "updated": 0
  },
  {
    "id": "01294da1-5d41-4777-ae1c-a847fafedcbc",
    "data": [
      {
        "text": "Book me a room for the number ",
        "userDefined": false
      },
      {
        "text": "123456789",
        "meta": "@sys.number",
        "alias": "number",
        "userDefined": true
      }
    ],
    "isTemplate": false,
    "count": 0,
    "lang": "en",
    "updated": 0
  },
  {
    "id": "a02e5445-13ab-4ca8-b02d-a79a609124b7",
    "data": [
      {
        "text": "Book me a room in the name of ",
        "userDefined": false
      },
      {
        "text": "abc",
        "meta": "@sys.given-name",
        "alias": "given-name",
        "userDefined": true
      }
    ],
    "isTemplate": false,
    "count": 0,
    "lang": "en",
    "updated": 0
  },
  {
    "id": "a6a173e2-16ff-4148-8731-a32b8b131f83",
    "data": [
      {
        "text": "Book me a room in your hotel",
        "userDefined": false
      }
    ],
    "isTemplate": false,
    "count": 0,
    "lang": "en",
    "updated": 0
  }
]